YOR239W,816,1885,10^-8678,0.99,9441.0,-20
YPL052W,195,877,10^-144,0.91,192.0,-2
YGL008C,2067,2161,10^-141,0.07,17547.0,-7
YLR044C,423,493,10^-134,0.05,47515.0,-104
YNL046W,66,196,10^-133,0.6,304.0,0
YLR249W,1713,1744,10^-130,0.08,6739.0,-29
YOL040C,87,145,10^-125,0.03,34042.0,0
YDR050C,318,349,10^-120,0.07,18797.0,-13
YJL190C,39,76,10^-110,0.09,11277.0,-15
YNL244C,39,115,10^-104,0.12,3951.0,0
YHR174W,783,820,10^-103,0.03,58591.0,0
YLR146W-A,39,139,10^-101,0.27,524.0,-1
YDR226W,363,403,10^-94,0.1,4478.0,0
YPL240C,1956,2011,10^-90,0.15,2284.0,0
YBL072C,33,85,10^-86,0.08,6420.0,0
YKL051W,618,712,10^-83,0.41,213.0,-1
YJR123W,231,277,10^-73,0.02,18441.0,-17
YIL053W,261,307,10^-73,0.09,9429.0,-1
YOL110W,81,205,10^-71,0.41,223.0,0
YDR033W,321,364,10^-70,0.06,4287.0,0
YDL066W,390,481,10^-69,0.07,3504.0,0
YJL159W,51,85,10^-63,0.06,8139.0,0
YBL107C,51,127,10^-56,0.4,226.0,0
YOR027W,1275,1318,10^-55,0.12,2574.0,0
YOR046C,51,148,10^-55,0.15,1566.0,0
YGL148W,192,223,10^-51,0.16,1162.0,0
YKL182W,1953,1993,10^-47,0.09,1243.0,0
YLR109W,345,388,10^-46,0.05,16795.0,0
YER183C,51,109,10^-45,0.41,206.0,0
YKL210W,2889,2920,10^-44,0.09,1027.0,0
YLR388W,42,88,10^-43,0.04,5604.0,0
YIL009C-A,252,544,10^-40,0.71,77.0,-3
YDR037W,132,250,10^-39,0.05,7866.0,-1
YMR246W,1323,1360,10^-39,0.15,668.0,0
YER055C,93,124,10^-38,0.1,1124.0,0
YKR059W,1149,1180,10^-38,0.12,1633.0,0
YCR018C,333,493,10^-38,0.23,265.0,0
YOR020C,69,127,10^-37,0.07,4627.0,-11
YJR073C,120,211,10^-36,0.05,3180.0,-2
YOL154W,522,580,10^-35,0.05,6022.0,0
YBR031W,1044,1075,10^-35,0.07,9054.0,-1
YMR011W,330,364,10^-35,0.09,892.0,0
YHR208W,1125,1174,10^-35,0.12,1600.0,0
YKR089C,174,235,10^-35,0.38,148.0,-1
YPL179W,114,181,10^-34,0.4,114.0,0
YLL026W,2688,2719,10^-33,0.13,887.0,-1
YOR153W,1737,1834,10^-33,0.08,1551.0,0
YNL010W,681,712,10^-33,0.14,864.0,0
YOR123C,60,175,10^-32,0.23,446.0,0
YPL061W,486,526,10^-31,0.07,7690.0,-43
YGR240C,1749,1780,10^-31,0.07,1421.0,-4
YPL024W,42,148,10^-31,0.38,135.0,0
YCL050C,609,649,10^-30,0.11,1265.0,0
YJL014W,45,115,10^-30,0.11,1108.0,0
YOR256C,30,85,10^-30,0.31,111.0,0
YBR009C,75,112,10^-29,0.13,767.0,0
YAL012W,354,385,10^-29,0.06,1998.0,0
YPL106C,1764,1813,10^-29,0.05,4638.0,-4
YNL031C,66,145,10^-29,0.07,2434.0,0
YGL255W,351,400,10^-29,0.04,4025.0,-2
YGR189C,1470,1501,10^-29,0.09,684.0,0
YLR342W,1815,1846,10^-28,0.17,660.0,0
YNL286W,111,211,10^-28,0.38,182.0,0
YMR058W,87,118,10^-28,0.07,1442.0,-1
YGR086C,735,772,10^-28,0.07,1753.0,-1
YER091C,1587,1681,10^-28,0.02,11765.0,0
YGL012W,612,652,10^-28,0.15,624.0,0
YPL225W,318,364,10^-27,0.07,1203.0,-1
YLR372W,555,598,10^-27,0.11,1281.0,0
YML063W,597,652,10^-27,0.03,7628.0,-8
YIL123W,939,970,10^-27,0.09,1437.0,-1
YBL002W,276,310,10^-27,0.05,4716.0,-5
YJL057C,1089,1225,10^-27,0.59,66.0,0
YBR025C,396,433,10^-26,0.04,2328.0,-1
YPR113W,114,172,10^-26,0.08,1367.0,0
YOR198C,354,406,10^-26,0.05,2653.0,0
YJR042W,33,151,10^-26,0.13,422.0,0
YGR007W,45,175,10^-26,0.13,724.0,0
YDL126C,645,700,10^-25,0.07,2848.0,-4
YFL045C,90,124,10^-25,0.06,2941.0,0
YDR233C,183,241,10^-25,0.05,4588.0,0
YDR196C,75,202,10^-25,0.16,419.0,0
YGL022W,78,199,10^-25,0.08,1471.0,0
YHR136C,96,196,10^-25,0.12,664.0,0
YIL161W,81,190,10^-24,0.42,116.0,0
YLR180W,1107,1138,10^-24,0.09,2571.0,0
YHR162W,153,184,10^-24,0.09,1444.0,0
YML123C,993,1042,10^-24,0.05,2539.0,0
YOR099W,738,775,10^-24,0.18,297.0,0
YDR276C,33,64,10^-23,0.07,5083.0,0
YDL084W,933,964,10^-23,0.09,2156.0,0
YNL071W,102,136,10^-23,0.09,2829.0,0
YPL096C-A,63,160,10^-23,0.29,213.0,0
YKR042W,360,391,10^-23,0.06,2972.0,-22
YBL042C,429,463,10^-23,0.23,180.0,0
YDR194C,129,268,10^-23,0.11,972.0,0
YDR012W,1017,1075,10^-23,0.07,4835.0,0
YJL192C,36,85,10^-23,0.07,768.0,0
YER072W,69,109,10^-22,0.03,6755.0,-1
YGR279C,873,907,10^-22,0.07,2786.0,-5
YPR188C,51,100,10^-22,0.13,390.0,-1
YNL239W,498,538,10^-22,0.09,471.0,0
YPR179C,45,142,10^-21,0.3,194.0,0
YGR055W,345,457,10^-21,0.05,1796.0,0
YER026C,231,265,10^-21,0.12,937.0,0
YNL208W,66,148,10^-21,0.07,5299.0,0
YPR048W,45,148,10^-21,0.25,239.0,0
YER070W,1674,1762,10^-21,0.06,1485.0,0
YBR073W,144,238,10^-20,0.18,352.0,0
YGR105W,48,115,10^-20,0.09,1255.0,0
YDR384C,315,355,10^-20,0.11,729.0,0
YNR043W,822,934,10^-20,0.09,2351.0,0
YDR060W,543,595,10^-19,0.15,397.0,0
YMR083W,216,268,10^-19,0.06,2285.0,-3
YPL226W,3444,3475,10^-19,0.12,333.0,0
YJL080C,2862,2893,10^-19,0.11,642.0,-1
YPR031W,33,109,10^-19,0.37,71.0,0
YNL030W,78,112,10^-19,0.16,548.0,-2
YLR390W-A,30,61,10^-19,0.06,1591.0,0
YOR362C,267,346,10^-19,0.06,1273.0,0
YNR016C,1386,1432,10^-18,0.1,1472.0,0
YGL172W,735,787,10^-18,0.17,270.0,0
YER056C,648,772,10^-18,0.07,1279.0,-1
YLR441C,621,652,10^-18,0.04,4728.0,0
YKL080W,66,112,10^-18,0.11,1234.0,0
YGL245W,672,706,10^-18,0.09,1578.0,0
YCR053W,1407,1438,10^-17,0.05,1865.0,-4
YBR263W,531,562,10^-17,0.11,824.0,0
YPL091W,1380,1444,10^-17,0.12,693.0,0
YLR153C,1092,1123,10^-17,0.09,432.0,0
YER036C,1458,1495,10^-17,0.09,696.0,0
YDR022C,81,190,10^-17,0.27,150.0,0
YBL022C,45,121,10^-17,0.15,520.0,0
YFL018C,621,676,10^-17,0.09,853.0,0
YLR016C,30,112,10^-17,0.32,136.0,0
YNL122C,57,106,10^-17,0.19,161.0,0
YER165W,303,358,10^-17,0.03,5204.0,0
YDL160C,786,820,10^-17,0.13,291.0,0
YNL161W,609,823,10^-17,0.09,616.0,0
YNL189W,66,127,10^-17,0.04,1820.0,0
YBR091C,189,307,10^-16,0.12,611.0,0
YDL100C,933,970,10^-16,0.1,946.0,0
YDL092W,39,82,10^-16,0.13,283.0,0
YGR199W,51,115,10^-16,0.24,210.0,0
YHR205W,57,259,10^-16,0.08,856.0,0
YER025W,1476,1531,10^-16,0.05,1472.0,0
YPR036W,177,214,10^-16,0.07,912.0,-2
YKL167C,117,196,10^-16,0.13,425.0,0
YOL139C,357,391,10^-16,0.05,2117.0,-6
YER116C,84,160,10^-16,0.37,88.0,0
YPR159W,60,274,10^-16,0.06,1906.0,0
YPL004C,531,583,10^-15,0.07,975.0,0
YDR353W,792,829,10^-15,0.09,907.0,0
YOR144C,63,151,10^-15,0.4,81.0,0
YLR060W,228,259,10^-15,0.07,573.0,0
YOL052C,69,154,10^-15,0.14,325.0,0
YEL026W,342,373,10^-15,0.13,731.0,-7
YLR241W,48,97,10^-15,0.16,180.0,0
YGL121C,117,205,10^-15,0.31,63.0,0
YOL107W,57,106,10^-15,0.26,120.0,0
YGR097W,2751,2941,10^-15,0.23,165.0,0
YMR205C,777,859,10^-14,0.06,5645.0,-7
YDL140C,1665,1846,10^-14,0.04,1317.0,0
YJR094C,75,235,10^-14,0.26,99.0,0
YMR229C,4470,4504,10^-14,0.17,356.0,0
YGR284C,231,298,10^-14,0.05,1455.0,0
YBR162W-A,75,115,10^-14,0.07,1253.0,0
YER009W,321,361,10^-14,0.08,2545.0,-1
YDR101C,138,175,10^-14,0.11,694.0,0
YBL030C,894,928,10^-14,0.05,1241.0,-1
YGR204W,1473,1504,10^-14,0.08,402.0,0
YNR017W,360,400,10^-14,0.07,629.0,0
YEL071W,939,970,10^-14,0.07,1039.0,0
YHR007C,1404,1438,10^-14,0.07,850.0,0
YGR060W,267,304,10^-14,0.11,1024.0,0
YER177W,285,316,10^-14,0.05,3298.0,-3
YDR099W,153,187,10^-14,0.09,1466.0,-1
YGR179C,54,118,10^-14,0.36,89.0,0
YMR308C,597,646,10^-13,0.08,347.0,0
YNL209W,1725,1783,10^-13,0.03,5965.0,0
YPR180W,30,73,10^-13,0.17,195.0,0
YGL092W,57,205,10^-13,0.13,457.0,0
YER092W,42,91,10^-13,0.13,387.0,0
YJL145W,180,235,10^-13,0.13,505.0,-1
YPL048W,1194,1240,10^-13,0.1,903.0,-3
YJR077C,429,481,10^-13,0.11,916.0,0
YMR318C,195,229,10^-13,0.06,1173.0,0
YPL078C,687,727,10^-13,0.14,154.0,0
YOR270C,66,97,10^-13,0.1,932.0,0
YDR487C,129,175,10^-13,0.1,1037.0,0
YGL234W,810,841,10^-13,0.06,1111.0,0
YDR127W,471,508,10^-13,0.1,266.0,0
YML043C,168,346,10^-13,0.39,68.0,0
YKL117W,48,79,10^-13,0.03,2348.0,-3
YNL322C,318,412,10^-13,0.08,1468.0,0
YCL035C,69,100,10^-13,0.08,1241.0,0
YCL028W,774,832,10^-12,0.08,1615.0,0
YOR355W,1188,1291,10^-12,0.12,519.0,0
YOR320C,126,175,10^-12,0.21,151.0,0
YMR203W,591,625,10^-12,0.14,350.0,-2
YNL134C,501,592,10^-12,0.05,1272.0,0
YEL051W,318,364,10^-12,0.08,1128.0,-4
YGR124W,411,484,10^-12,0.06,2286.0,0
YJR016C,291,331,10^-12,0.08,2734.0,-3
YOL143C,162,244,10^-12,0.03,3477.0,-3
YJR143C,285,319,10^-12,0.1,391.0,0
YPL095C,378,505,10^-12,0.33,102.0,0
YOR230W,348,412,10^-12,0.09,1867.0,-13
YCR034W,399,454,10^-12,0.05,890.0,0
YMR012W,561,658,10^-12,0.06,1804.0,0
YFL004W,1701,1735,10^-12,0.13,382.0,0
YPL083C,45,244,10^-12,0.17,203.0,0
YIL061C,81,154,10^-12,0.19,100.0,0
YGL009C,408,535,10^-12,0.05,4035.0,-2
YBR058C-A,165,205,10^-12,0.08,405.0,0
YNR035C,633,709,10^-12,0.08,556.0,0
YEL027W,342,385,10^-12,0.06,3612.0,0
YOR375C,264,301,10^-12,0.08,1800.0,-1
YDL001W,69,157,10^-12,0.11,217.0,0
YIL116W,282,400,10^-11,0.07,774.0,0
YBR265W,63,175,10^-11,0.07,868.0,-1
YML072C,636,700,10^-11,0.06,790.0,0
YBR283C,75,121,10^-11,0.06,881.0,0
YHL030W,1569,1702,10^-11,0.12,301.0,0
YJR148W,321,352,10^-11,0.06,793.0,0
YNL289W,96,163,10^-11,0.07,612.0,0
YDR533C,345,439,10^-11,0.13,322.0,0
YNL220W,909,946,10^-11,0.08,1027.0,0
YAL023C,1182,1228,10^-11,0.09,640.0,0
YBR080C,201,277,10^-11,0.11,625.0,0
YBR034C,348,385,10^-11,0.12,324.0,0
YJR105W,501,568,10^-11,0.04,4601.0,0
YOR212W,33,115,10^-11,0.09,544.0,0
YGR167W,615,664,10^-11,0.05,1369.0,0
YFL038C,543,577,10^-11,0.06,1042.0,0
YGR065C,522,595,10^-11,0.06,539.0,0
YAL021C,1554,1591,10^-11,0.16,147.0,0
YDL133W,138,193,10^-11,0.24,131.0,0
YBR010W,102,145,10^-11,0.07,1254.0,-1
YJR069C,396,493,10^-11,0.06,1443.0,0
YPR162C,159,208,10^-11,0.23,148.0,0
YLR058C,318,367,10^-11,0.02,4687.0,0
YMR284W,45,145,10^-11,0.35,77.0,0
YGR054W,678,712,10^-11,0.11,309.0,0
YML008C,831,868,10^-11,0.07,930.0,-1
YIL118W,210,271,10^-11,0.06,551.0,0
YBR218C,150,181,10^-11,0.08,563.0,-1
YDR143C,57,124,10^-10,0.3,88.0,0
YHR067W,39,202,10^-10,0.16,156.0,0
YPL231W,4533,4564,10^-10,0.1,743.0,-2
YHR181W,456,586,10^-10,0.07,657.0,0
YKL181W,414,451,10^-10,0.07,581.0,0
YER110C,1413,1444,10^-10,0.12,499.0,0
YKR086W,192,259,10^-10,0.33,42.0,0
YKR066C,438,529,10^-10,0.11,850.0,0
YLR380W,120,259,10^-10,0.06,1570.0,0
YJL039C,3219,3271,10^-10,0.26,85.0,0
YLR018C,255,316,10^-10,0.15,324.0,0
YHR074W,588,625,10^-10,0.14,176.0,0
YGR020C,171,202,10^-10,0.11,585.0,0
YGR088W,240,493,10^-10,0.32,81.0,0
YJR002W,1710,1771,10^-10,0.12,272.0,0
YFR014C,621,673,10^-10,0.24,96.0,0
YLR370C,111,241,10^-10,0.03,2436.0,0
YFL048C,1209,1240,10^-10,0.16,232.0,0
YER125W,663,817,10^-10,0.05,1594.0,0
YJL148W,123,163,10^-10,0.06,433.0,0
YPR122W,51,100,10^-10,0.29,82.0,0
YJL130C,4557,4588,10^-10,0.04,786.0,0
YDR483W,102,199,10^-10,0.03,1786.0,0
YCL030C,666,742,10^-10,0.04,1356.0,0
YDL145C,105,175,10^-10,0.06,1348.0,0
YLR300W,297,466,10^-10,0.02,7321.0,0
YDL124W,696,742,10^-10,0.07,634.0,0
YOR007C,735,766,10^-10,0.07,1290.0,0
YER124C,837,868,10^-10,0.1,276.0,0
YAR015W,132,169,10^-10,0.06,942.0,-2
YGL228W,1605,1723,10^-10,0.1,800.0,0
YKL191W,1311,1342,10^-10,0.11,264.0,0
YDR214W,147,205,10^-10,0.07,692.0,-1
YNL064C,348,403,10^-10,0.04,4584.0,0
YBL029W,426,502,10^-10,0.33,61.0,0
YGR030C,33,100,10^-10,0.12,252.0,0
YDR264C,723,766,10^-10,0.22,171.0,0
YDR497C,525,559,10^-10,0.09,613.0,0
YOL088C,321,352,10^-9,0.17,240.0,0
YDR283C,45,97,10^-9,0.29,75.0,0
YHR019C,1515,1588,10^-9,0.04,3221.0,0
YKL212W,1614,1753,10^-9,0.03,1758.0,0
YLR455W,75,184,10^-9,0.09,241.0,0
YOL055C,624,733,10^-9,0.27,117.0,0
YPL059W,57,88,10^-9,0.1,303.0,0
YER155C,453,544,10^-9,0.1,417.0,0
YOL092W,102,217,10^-9,0.05,1369.0,0
YLL023C,531,649,10^-9,0.08,483.0,0
YIL134W,237,301,10^-9,0.43,19.0,0
YBR039W,129,166,10^-9,0.06,410.0,0
YBR067C,201,298,10^-9,0.02,6993.0,0
YJR064W,741,805,10^-9,0.04,971.0,0
YGR252W,195,277,10^-9,0.21,169.0,0
YBR161W,366,460,10^-9,0.12,136.0,-1
YHR020W,1950,1993,10^-9,0.05,671.0,0
YPL049C,93,169,10^-9,0.06,405.0,0
YDL137W,33,73,10^-9,0.07,1253.0,0
YOR323C,759,793,10^-9,0.07,656.0,0
YHR039C,636,673,10^-9,0.18,165.0,0
YDL015C,270,376,10^-9,0.05,2850.0,0
YPL234C,246,295,10^-9,0.06,1378.0,0
YPR167C,600,769,10^-9,0.19,147.0,0
YPR108W,465,514,10^-9,0.08,658.0,0
YMR262W,477,544,10^-9,0.18,60.0,0
YMR160W,57,229,10^-9,0.11,209.0,0
YJL201W,108,166,10^-9,0.1,178.0,0
YIL117C,579,667,10^-9,0.14,248.0,0
YER145C,798,925,10^-9,0.04,1727.0,0
YCL057C-A,132,205,10^-9,0.04,2137.0,0
YFL022C,1314,1360,10^-9,0.06,1073.0,0
YNR047W,36,166,10^-9,0.15,230.0,0
YBR052C,525,577,10^-9,0.1,678.0,0
YNL070W,120,151,10^-9,0.09,848.0,0
YOR206W,654,700,10^-9,0.08,515.0,0
YNL154C,255,286,10^-9,0.09,198.0,0
YMR241W,816,847,10^-9,0.11,478.0,0
YPR145W,531,619,10^-9,0.03,2177.0,-3
YCR084C,1461,1498,10^-9,0.12,334.0,0
YOR142W,411,442,10^-9,0.09,683.0,0
YIL045W,1311,1453,10^-8,0.24,83.0,0
YOR374W,1071,1114,10^-8,0.08,240.0,0
YNL055C,717,751,10^-8,0.06,1846.0,-2
YJL174W,111,166,10^-8,0.05,726.0,0
YMR314W,357,397,10^-8,0.11,530.0,0
YJL005W,453,505,10^-8,0.2,81.0,0
YOR278W,48,130,10^-8,0.18,166.0,0
YPL191C,45,91,10^-8,0.32,50.0,0
YKL078W,135,199,10^-8,0.26,85.0,-2
YPL274W,465,496,10^-8,0.11,191.0,0
YPL127C,30,148,10^-8,0.04,1481.0,0
YLR304C,2022,2086,10^-8,0.04,1177.0,-2
YGR061C,2775,2809,10^-8,0.07,415.0,0
YBR087W,114,202,10^-8,0.1,369.0,0
YAL007C,489,541,10^-8,0.09,483.0,-2
YGL195W,441,559,10^-8,0.05,1162.0,0
YBR126C,1077,1123,10^-8,0.08,505.0,0
YKL165C,2334,2446,10^-8,0.07,286.0,0
YCR016W,66,97,10^-8,0.15,84.0,0
YLR017W,177,223,10^-8,0.09,607.0,0
YHL003C,267,340,10^-8,0.11,468.0,0
YIL056W,75,136,10^-8,0.2,65.0,0
YDR211W,255,355,10^-8,0.09,715.0,0
YDL031W,660,706,10^-8,0.08,221.0,0
YCL034W,654,697,10^-8,0.12,261.0,0
YFR006W,888,940,10^-8,0.08,241.0,0
YDL055C,651,700,10^-8,0.03,6089.0,-1
YIL121W,33,103,10^-8,0.13,183.0,0
YDR046C,432,541,10^-8,0.1,542.0,0
YLR414C,534,565,10^-8,0.14,124.0,0
YLR175W,42,76,10^-8,0.04,833.0,0
YNL135C,204,241,10^-8,0.03,3763.0,0
YKL120W,45,91,10^-8,0.08,670.0,0
YEL060C,450,553,10^-8,0.05,1131.0,0
YHR128W,375,406,10^-8,0.06,654.0,0
YBR234C,390,502,10^-8,0.03,1247.0,0
YER141W,285,316,10^-8,0.13,161.0,0
YMR178W,669,733,10^-8,0.12,245.0,0
YDR468C,87,133,10^-8,0.15,206.0,0
YML051W,1032,1168,10^-8,0.35,57.0,0
YGL077C,1068,1189,10^-8,0.05,1393.0,0
YDR190C,1221,1273,10^-7,0.06,471.0,0
YEL046C,207,247,10^-7,0.03,1837.0,0
YPR181C,435,466,10^-7,0.11,441.0,0
YGR235C,438,526,10^-7,0.07,426.0,0
YEL040W,177,280,10^-7,0.04,2236.0,0
YIL049W,102,166,10^-7,0.21,102.0,0
YER048C,105,151,10^-7,0.07,751.0,-2
YHR143W,147,205,10^-7,0.05,769.0,0
YOR252W,129,172,10^-7,0.11,164.0,0
YOL147C,360,418,10^-7,0.1,262.0,0
YBR086C,1341,1378,10^-7,0.11,183.0,0
YOR209C,90,127,10^-7,0.07,560.0,0
YNL085W,801,853,10^-7,0.09,444.0,0
YMR276W,288,349,10^-7,0.06,2094.0,0
YCL001W,156,193,10^-7,0.12,498.0,0
YOR058C,39,85,10^-7,0.27,64.0,0
YLR350W,171,208,10^-7,0.1,392.0,0
YLR056W,615,697,10^-7,0.04,2444.0,0
YKL077W,537,664,10^-7,0.05,1112.0,0
YML081W,126,211,10^-7,0.22,90.0,0
YBL047C,1062,1093,10^-7,0.09,264.0,0
YPL146C,654,709,10^-7,0.06,335.0,0
YDR364C,78,166,10^-7,0.2,51.0,0
YLR323C,39,88,10^-7,0.33,51.0,0
YLR244C,1023,1057,10^-7,0.05,863.0,-1
YBR231C,570,649,10^-7,0.08,300.0,0
YMR099C,723,778,10^-7,0.06,833.0,0
YMR005W,918,952,10^-7,0.16,107.0,0
YHR107C,813,862,10^-7,0.08,265.0,0
YMR123W,63,100,10^-7,0.06,742.0,-1
YGL095C,93,163,10^-7,0.13,273.0,0
YIL125W,495,535,10^-7,0.12,260.0,0
YHL025W,222,322,10^-7,0.07,281.0,0
YKR053C,1071,1207,10^-7,0.39,21.0,0
YBR158W,45,85,10^-7,0.12,150.0,0
YLR419W,57,154,10^-7,0.13,109.0,0
YOL128C,66,139,10^-7,0.27,67.0,0
YPL118W,183,262,10^-7,0.06,555.0,0
YJL048C,195,370,10^-7,0.19,145.0,0
YMR309C,2190,2221,10^-7,0.15,189.0,0
YKL072W,738,868,10^-7,0.18,106.0,0
YLL043W,42,307,10^-7,0.08,818.0,0
YMR145C,315,346,10^-7,0.12,335.0,0
YKL023C-A,48,85,10^-7,0.1,152.0,0
YIR037W,33,64,10^-7,0.06,725.0,0
YNL136W,30,100,10^-7,0.15,73.0,0
YMR120C,699,730,10^-7,0.04,821.0,0
YEL044W,54,97,10^-7,0.19,111.0,0
YNL281W,153,217,10^-7,0.06,2398.0,-2
YOR315W,126,217,10^-7,0.09,316.0,0
YLR301W,504,571,10^-7,0.04,989.0,0
YDL234C,72,157,10^-7,0.2,95.0,0
YOL021C,1299,1390,10^-7,0.08,317.0,0
YER062C,261,307,10^-7,0.09,554.0,0
YEL001C,336,394,10^-7,0.05,887.0,0
YLR099W-A,75,160,10^-7,0.05,422.0,0
YDR238C,1452,1489,10^-7,0.1,289.0,0
YMR237W,48,109,10^-7,0.04,679.0,0
YHR098C,435,499,10^-7,0.07,476.0,0
YLR005W,33,106,10^-7,0.15,161.0,0
YBR029C,141,214,10^-6,0.06,669.0,0
YGR003W,72,172,10^-6,0.21,113.0,0
YJR072C,357,400,10^-6,0.12,348.0,0
YIL153W,798,862,10^-6,0.16,55.0,0
YDR348C,1140,1186,10^-6,0.1,270.0,-1
YBR137W,240,397,10^-6,0.05,974.0,0
YBL004W,1407,1450,10^-6,0.16,102.0,0
YOR208W,69,148,10^-6,0.44,26.0,0
YLR114C,33,73,10^-6,0.09,188.0,0
YKR096W,42,142,10^-6,0.21,103.0,0
YOR289W,360,397,10^-6,0.39,34.0,0
YDR477W,801,844,10^-6,0.12,92.0,0
YPR056W,57,88,10^-6,0.24,56.0,0
YKR071C,903,946,10^-6,0.12,290.0,-1
YDR148C,159,196,10^-6,0.09,513.0,0
YJL004C,165,271,10^-6,0.07,307.0,-1
YKR023W,36,73,10^-6,0.17,47.0,0
YMR004W,30,130,10^-6,0.15,258.0,0
YGL016W,1482,1540,10^-6,0.14,100.0,0
YML093W,45,157,10^-6,0.04,554.0,0
YBR096W,402,454,10^-6,0.11,398.0,0
YMR014W,204,268,10^-6,0.15,132.0,0
YCR082W,33,103,10^-6,0.05,669.0,0
YDR346C,159,196,10^-6,0.08,468.0,0
YGL097W,141,190,10^-6,0.12,484.0,0
YHR121W,447,496,10^-6,0.08,274.0,0
YDR023W,1110,1141,10^-6,0.06,695.0,0
YKL171W,51,142,10^-6,0.28,35.0,0
YHR094C,1329,1372,10^-6,0.09,326.0,0
YIL074C,978,1024,10^-6,0.06,387.0,0
YNL036W,63,94,10^-6,0.06,342.0,0
YJL138C,855,907,10^-6,0.15,230.0,-2
YDR395W,240,271,10^-6,0.09,214.0,0
YJR045C,1209,1243,10^-6,0.03,2105.0,0
YLR130C,246,322,10^-6,0.14,143.0,0
YBR110W,417,454,10^-6,0.21,79.0,0
YLR413W,1683,1771,10^-6,0.04,1625.0,0
YNL118C,99,172,10^-6,0.1,331.0,0
YGR082W,363,442,10^-6,0.07,858.0,0
YKL021C,246,319,10^-6,0.06,354.0,0
YMR043W,540,796,10^-6,0.04,1050.0,0
YNR038W,552,613,10^-6,0.17,164.0,0
YHR025W,816,847,10^-6,0.1,510.0,0
YEL036C,495,538,10^-6,0.15,139.0,0
YBR236C,753,799,10^-6,0.14,83.0,-2
YBR195C,36,109,10^-6,0.14,158.0,0
YCR005C,273,349,10^-6,0.04,1247.0,0
YCR069W,882,943,10^-6,0.12,318.0,0
YOR026W,171,244,10^-6,0.3,55.0,0
YBL092W,39,223,10^-6,0.0,107297.0,0
YBR242W,177,250,10^-6,0.1,326.0,0
YPL265W,1212,1288,10^-6,0.04,926.0,0
YIL075C,786,817,10^-6,0.1,341.0,0
YIL107C,69,205,10^-6,0.19,114.0,0
YBL045C,1062,1108,10^-6,0.09,488.0,0
YAR002C-A,537,583,10^-6,0.05,716.0,-3
YGL050W,375,517,10^-6,0.07,265.0,-1
YKR018C,1176,1246,10^-6,0.06,357.0,0
YLR002C,45,76,10^-6,0.18,76.0,0
YGL056C,570,607,10^-6,0.1,179.0,0
YEL002C,336,376,10^-6,0.11,365.0,0
YNR058W,1269,1360,10^-6,0.05,466.0,0
YLR398C,111,151,10^-6,0.12,227.0,0
YBR108W,819,892,10^-6,0.14,82.0,0
YLR027C,807,838,10^-6,0.06,738.0,0
YMR204C,177,274,10^-6,0.25,42.0,0
YHR005C,93,124,10^-6,0.08,187.0,0
YJL097W,222,253,10^-6,0.07,390.0,0
YMR200W,114,154,10^-6,0.11,532.0,0
YDR457W,117,172,10^-5,0.14,174.0,0
YBL001C,69,112,10^-5,0.05,606.0,-2
YML052W,276,334,10^-5,0.07,706.0,0
YER136W,162,250,10^-5,0.04,1185.0,0
YGR141W,1116,1243,10^-5,0.1,142.0,0
YOR326W,243,289,10^-5,0.08,257.0,0
YBR171W,519,550,10^-5,0.09,276.0,0
YIR011C,45,79,10^-5,0.12,94.0,0
YGL206C,1674,1717,10^-5,0.06,615.0,0
YGL254W,198,259,10^-5,0.22,38.0,0
YDR427W,198,232,10^-5,0.13,225.0,-2
YDL060W,45,79,10^-5,0.13,191.0,0
YIL005W,303,397,10^-5,0.06,321.0,0
YBR143C,477,568,10^-5,0.02,2370.0,0
YIL043C,39,151,10^-5,0.04,3461.0,0
YHR127W,444,475,10^-5,0.12,105.0,0
YGR157W,603,664,10^-5,0.07,559.0,0
YNL016W,1179,1216,10^-5,0.07,1012.0,-1
YJR015W,600,637,10^-5,0.07,230.0,0
YPL178W,63,127,10^-5,0.03,897.0,0
YCR075W-A,123,202,10^-5,0.05,495.0,0
YEL031W,72,199,10^-5,0.03,2277.0,0
YJL198W,1146,1177,10^-5,0.11,156.0,0
YKL127W,129,169,10^-5,0.1,634.0,0
YGR132C,795,847,10^-5,0.07,318.0,-1
YKL009W,153,193,10^-5,0.07,676.0,0
YDR476C,114,337,10^-5,0.05,769.0,0
YFR051C,219,250,10^-5,0.05,456.0,0
YOR304W,111,163,10^-5,0.14,78.0,0
YPR127W,609,664,10^-5,0.11,84.0,0
YOL070C,1365,1396,10^-5,0.18,107.0,0
YPL128C,285,346,10^-5,0.2,107.0,0
YKL019W,576,721,10^-5,0.1,370.0,0
YGL119W,198,268,10^-5,0.08,153.0,0
YJR137C,4107,4138,10^-5,0.15,86.0,0
YMR042W,78,169,10^-5,0.22,90.0,0
YKL108W,69,145,10^-5,0.17,90.0,0
YAL025C,54,157,10^-5,0.06,861.0,-1
YNL132W,1422,1456,10^-5,0.06,342.0,0
YJL098W,1356,1465,10^-5,0.13,227.0,-1
YGL026C,1035,1081,10^-5,0.06,1643.0,0
YHR084W,48,109,10^-5,0.13,102.0,0
YBR015C,354,430,10^-5,0.08,459.0,0
YML012W,549,601,10^-5,0.05,1195.0,0
YBR207W,837,883,10^-5,0.15,108.0,0
YBL017C,351,385,10^-5,0.19,114.0,0
YFL029C,954,1093,10^-5,0.17,114.0,0
YNR013C,1641,1678,10^-5,0.17,74.0,0
YDR345C,246,277,10^-5,0.05,939.0,0
YBR237W,234,295,10^-5,0.29,44.0,0
YLR064W,189,235,10^-5,0.08,248.0,0
YGL174W,57,112,10^-5,0.21,31.0,0
YJR101W,162,202,10^-5,0.09,159.0,0
YDL111C,63,100,10^-5,0.08,172.0,0
YER164W,1752,1792,10^-5,0.18,80.0,0
YHR175W,183,253,10^-5,0.07,406.0,0
YGR126W,63,133,10^-5,0.15,64.0,0
YER057C,39,70,10^-5,0.08,414.0,0
YDR478W,39,79,10^-5,0.11,109.0,0
YCL025C,1398,1522,10^-5,0.1,285.0,0
YNR036C,60,91,10^-5,0.07,256.0,0
YDL201W,504,604,10^-5,0.07,454.0,0
YBR221C,228,319,10^-5,0.04,4975.0,-4
YHR069C,846,907,10^-5,0.09,134.0,0
YIR006C,1269,1318,10^-5,0.11,353.0,0
YOR117W,354,400,10^-5,0.07,960.0,0
YLL028W,384,424,10^-5,0.15,173.0,0
YGR162W,1986,2017,10^-5,0.06,503.0,0
YPL246C,357,481,10^-5,0.04,787.0,0
YMR015C,1470,1507,10^-5,0.06,487.0,0
YDR519W,48,97,10^-5,0.07,770.0,0
YGR036C,57,115,10^-5,0.15,167.0,0
YBL089W,123,169,10^-5,0.11,104.0,0
YER050C,84,199,10^-5,0.06,663.0,0
YNL219C,1215,1255,10^-5,0.08,154.0,0
YLR105C,180,364,10^-5,0.19,126.0,0
